{"assetIndex": {"id": "pre-1.6", "sha1": "4759bad2824e419da9db32861fcdc3a274336532", "size": 73813, "totalSize": 49381897, "url": "https://launchermeta.mojang.com/v1/packages/4759bad2824e419da9db32861fcdc3a274336532/pre-1.6.json"}, "assets": "pre-1.6", "downloads": {"client": {"sha1": "393e8d4b4d708587e2accd7c5221db65365e1075", "size": 26704, "url": "https://launcher.mojang.com/v1/objects/393e8d4b4d708587e2accd7c5221db65365e1075/client.jar"}}, "id": "rd-132211", "libraries": [{"downloads": {"artifact": {"path": "net/minecraft/launchwrapper/1.6/launchwrapper-1.6.jar", "sha1": "4ea0aca9c022a234ebaf14b51fb119055955fc9d", "size": 27583, "url": "https://libraries.minecraft.net/net/minecraft/launchwrapper/1.6/launchwrapper-1.6.jar"}}, "name": "net.minecraft:launchwrapper:1.6"}, {"downloads": {"artifact": {"path": "net/sf/jopt-simple/jopt-simple/4.5/jopt-simple-4.5.jar", "sha1": "6065cc95c661255349c1d0756657be17c29a4fd3", "size": 61311, "url": "https://libraries.minecraft.net/net/sf/jopt-simple/jopt-simple/4.5/jopt-simple-4.5.jar"}}, "name": "net.sf.jopt-simple:jopt-simple:4.5"}, {"downloads": {"artifact": {"path": "org/ow2/asm/asm-all/4.1/asm-all-4.1.jar", "sha1": "054986e962b88d8660ae4566475658469595ef58", "size": 214592, "url": "https://libraries.minecraft.net/org/ow2/asm/asm-all/4.1/asm-all-4.1.jar"}}, "name": "org.ow2.asm:asm-all:4.1"}, {"downloads": {"artifact": {"path": "net/java/jinput/jinput/2.0.5/jinput-2.0.5.jar", "sha1": "39c7796b469a600f72380316f6b1f11db6c2c7c4", "size": 208338, "url": "https://libraries.minecraft.net/net/java/jinput/jinput/2.0.5/jinput-2.0.5.jar"}}, "name": "net.java.jinput:jinput:2.0.5"}, {"downloads": {"artifact": {"path": "net/java/jutils/jutils/1.0.0/jutils-1.0.0.jar", "sha1": "e12fe1fda814bd348c1579329c86943d2cd3c6a6", "size": 7508, "url": "https://libraries.minecraft.net/net/java/jutils/jutils/1.0.0/jutils-1.0.0.jar"}}, "name": "net.java.jutils:jutils:1.0.0"}, {"downloads": {"artifact": {"path": "org/lwjgl/lwjgl/lwjgl/2.9.0/lwjgl-2.9.0.jar", "sha1": "5654d06e61a1bba7ae1e7f5233e1106be64c91cd", "size": 994633, "url": "https://libraries.minecraft.net/org/lwjgl/lwjgl/lwjgl/2.9.0/lwjgl-2.9.0.jar"}}, "name": "org.lwjgl.lwjgl:lwjgl:2.9.0", "rules": [{"action": "allow"}, {"action": "disallow", "os": {"name": "osx", "version": "^10\\.5\\.\\d$"}}]}, {"downloads": {"artifact": {"path": "org/lwjgl/lwjgl/lwjgl_util/2.9.0/lwjgl_util-2.9.0.jar", "sha1": "a778846b64008fc7f48ead2377f034e547991699", "size": 173360, "url": "https://libraries.minecraft.net/org/lwjgl/lwjgl/lwjgl_util/2.9.0/lwjgl_util-2.9.0.jar"}}, "name": "org.lwjgl.lwjgl:lwjgl_util:2.9.0", "rules": [{"action": "allow"}, {"action": "disallow", "os": {"name": "osx", "version": "^10\\.5\\.\\d$"}}]}, {"downloads": {"classifiers": {"natives-linux": {"path": "org/lwjgl/lwjgl/lwjgl-platform/2.9.0/lwjgl-platform-2.9.0-natives-linux.jar", "sha1": "2ba5dcb11048147f1a74eff2deb192c001321f77", "size": 569061, "url": "https://libraries.minecraft.net/org/lwjgl/lwjgl/lwjgl-platform/2.9.0/lwjgl-platform-2.9.0-natives-linux.jar"}, "natives-osx": {"path": "org/lwjgl/lwjgl/lwjgl-platform/2.9.0/lwjgl-platform-2.9.0-natives-osx.jar", "sha1": "6621b382cb14cc409b041d8d72829156a87c31aa", "size": 518924, "url": "https://libraries.minecraft.net/org/lwjgl/lwjgl/lwjgl-platform/2.9.0/lwjgl-platform-2.9.0-natives-osx.jar"}, "natives-windows": {"path": "org/lwjgl/lwjgl/lwjgl-platform/2.9.0/lwjgl-platform-2.9.0-natives-windows.jar", "sha1": "3f11873dc8e84c854ec7c5a8fd2e869f8aaef764", "size": 609967, "url": "https://libraries.minecraft.net/org/lwjgl/lwjgl/lwjgl-platform/2.9.0/lwjgl-platform-2.9.0-natives-windows.jar"}}}, "extract": {"exclude": ["META-INF/"]}, "name": "org.lwjgl.lwjgl:lwjgl-platform:2.9.0", "natives": {"linux": "natives-linux", "osx": "natives-osx", "windows": "natives-windows"}, "rules": [{"action": "allow"}, {"action": "disallow", "os": {"name": "osx", "version": "^10\\.5\\.\\d$"}}]}, {"downloads": {"artifact": {"path": "org/lwjgl/lwjgl/lwjgl/2.9.1-nightly-20130708-debug3/lwjgl-2.9.1-nightly-20130708-debug3.jar", "sha1": "884511652c756fac16b37236f863f346bd1ea121", "size": 996625, "url": "https://libraries.minecraft.net/org/lwjgl/lwjgl/lwjgl/2.9.1-nightly-20130708-debug3/lwjgl-2.9.1-nightly-20130708-debug3.jar"}}, "name": "org.lwjgl.lwjgl:lwjgl:2.9.1-nightly-20130708-debug3", "rules": [{"action": "allow", "os": {"name": "osx", "version": "^10\\.5\\.\\d$"}}]}, {"downloads": {"artifact": {"path": "org/lwjgl/lwjgl/lwjgl_util/2.9.1-nightly-20130708-debug3/lwjgl_util-2.9.1-nightly-20130708-debug3.jar", "sha1": "fb693ba4e22a85432a32e8a048893dc7a92f42ac", "size": 173338, "url": "https://libraries.minecraft.net/org/lwjgl/lwjgl/lwjgl_util/2.9.1-nightly-20130708-debug3/lwjgl_util-2.9.1-nightly-20130708-debug3.jar"}}, "name": "org.lwjgl.lwjgl:lwjgl_util:2.9.1-nightly-20130708-debug3", "rules": [{"action": "allow", "os": {"name": "osx", "version": "^10\\.5\\.\\d$"}}]}, {"downloads": {"classifiers": {"natives-osx": {"path": "org/lwjgl/lwjgl/lwjgl-platform/2.9.1-nightly-20130708-debug3/lwjgl-platform-2.9.1-nightly-20130708-debug3-natives-osx.jar", "sha1": "a9b83ad85742cad09c3574a91b0423bac3f7a0f5", "size": 458181, "url": "https://libraries.minecraft.net/org/lwjgl/lwjgl/lwjgl-platform/2.9.1-nightly-20130708-debug3/lwjgl-platform-2.9.1-nightly-20130708-debug3-natives-osx.jar"}}}, "extract": {"exclude": ["META-INF/"]}, "name": "org.lwjgl.lwjgl:lwjgl-platform:2.9.1-nightly-20130708-debug3", "natives": {"linux": "natives-linux", "osx": "natives-osx", "windows": "natives-windows"}, "rules": [{"action": "allow", "os": {"name": "osx", "version": "^10\\.5\\.\\d$"}}]}, {"downloads": {"classifiers": {"natives-linux": {"path": "net/java/jinput/jinput-platform/2.0.5/jinput-platform-2.0.5-natives-linux.jar", "sha1": "7ff832a6eb9ab6a767f1ade2b548092d0fa64795", "size": 10362, "url": "https://libraries.minecraft.net/net/java/jinput/jinput-platform/2.0.5/jinput-platform-2.0.5-natives-linux.jar"}, "natives-osx": {"path": "net/java/jinput/jinput-platform/2.0.5/jinput-platform-2.0.5-natives-osx.jar", "sha1": "53f9c919f34d2ca9de8c51fc4e1e8282029a9232", "size": 12186, "url": "https://libraries.minecraft.net/net/java/jinput/jinput-platform/2.0.5/jinput-platform-2.0.5-natives-osx.jar"}, "natives-windows": {"path": "net/java/jinput/jinput-platform/2.0.5/jinput-platform-2.0.5-natives-windows.jar", "sha1": "385ee093e01f587f30ee1c8a2ee7d408fd732e16", "size": 155179, "url": "https://libraries.minecraft.net/net/java/jinput/jinput-platform/2.0.5/jinput-platform-2.0.5-natives-windows.jar"}}}, "extract": {"exclude": ["META-INF/"]}, "name": "net.java.jinput:jinput-platform:2.0.5", "natives": {"linux": "natives-linux", "osx": "natives-osx", "windows": "natives-windows"}}, {"downloads": {"classifiers": {"natives-linux": {"path": "net/java/jinput/jinput-platform/2.0.5/jinput-platform-2.0.5-natives-linux.jar", "sha1": "7ff832a6eb9ab6a767f1ade2b548092d0fa64795", "size": 10362, "url": "https://libraries.minecraft.net/net/java/jinput/jinput-platform/2.0.5/jinput-platform-2.0.5-natives-linux.jar"}, "natives-osx": {"path": "net/java/jinput/jinput-platform/2.0.5/jinput-platform-2.0.5-natives-osx.jar", "sha1": "53f9c919f34d2ca9de8c51fc4e1e8282029a9232", "size": 12186, "url": "https://libraries.minecraft.net/net/java/jinput/jinput-platform/2.0.5/jinput-platform-2.0.5-natives-osx.jar"}, "natives-windows": {"path": "net/java/jinput/jinput-platform/2.0.5/jinput-platform-2.0.5-natives-windows.jar", "sha1": "385ee093e01f587f30ee1c8a2ee7d408fd732e16", "size": 155179, "url": "https://libraries.minecraft.net/net/java/jinput/jinput-platform/2.0.5/jinput-platform-2.0.5-natives-windows.jar"}}}, "extract": {"exclude": ["META-INF/"]}, "name": "net.java.jinput:jinput-platform:2.0.5", "natives": {"linux": "natives-linux", "osx": "natives-osx", "windows": "natives-windows"}}], "mainClass": "com.mojang.rubydung.RubyDung", "minecraftArguments": "${auth_player_name} ${auth_session}", "minimumLauncherVersion": 7, "releaseTime": "2009-05-13T20:11:00+00:00", "time": "2009-05-13T20:11:00+00:00", "type": "old_alpha"}